media_ref,personnes_reconnaissables,consentement,mineur,accord_parent,logos_partenaires,autorisation_diffusion,autorisation_reseaux,date,note
# Une ligne par média (07 § 7). consentement : ecrit | message | aucun. mineur et accord_parent : oui | non. autorisation_diffusion : oui | non.
# Source : confirmation de Scott (4 oct. 2026) — toutes les personnes filmées ont donné un accord écrit, aucun mineur, logos des partenaires autorisés.
VV-P01,membres du groupe / personnes rencontrées,ecrit,non,,non,oui,oui,2026-10-04,accord écrit confirmé par Scott ; réseaux sociaux : oui (confirmé le 4 oct.)
VV-V12,membres du groupe / personnes rencontrées,ecrit,non,,non,oui,oui,2026-10-04,accord écrit confirmé par Scott ; réseaux sociaux : oui (confirmé le 4 oct.)
VV-V13,membres du groupe / personnes rencontrées,ecrit,non,,non,oui,oui,2026-10-04,accord écrit confirmé par Scott ; réseaux sociaux : oui (confirmé le 4 oct.)
VV-P05,membres du groupe / personnes rencontrées,ecrit,non,,non,oui,oui,2026-10-04,accord écrit confirmé par Scott ; réseaux sociaux : oui (confirmé le 4 oct.)
VV-V24,membres du groupe / personnes rencontrées,ecrit,non,,non,oui,oui,2026-10-04,accord écrit confirmé par Scott ; réseaux sociaux : oui (confirmé le 4 oct.)
VV-P07,membres du groupe / personnes rencontrées,ecrit,non,,non,oui,oui,2026-10-04,accord écrit confirmé par Scott ; réseaux sociaux : oui (confirmé le 4 oct.)
VV-V02,membres du groupe / personnes rencontrées,ecrit,non,,non,oui,oui,2026-10-04,accord écrit confirmé par Scott ; réseaux sociaux : oui (confirmé le 4 oct.)
VV-V06,membres du groupe / personnes rencontrées,ecrit,non,,non,oui,oui,2026-10-04,accord écrit confirmé par Scott ; réseaux sociaux : oui (confirmé le 4 oct.)
VV-P11,membres du groupe / personnes rencontrées,ecrit,non,,non,oui,oui,2026-10-04,accord écrit confirmé par Scott ; réseaux sociaux : oui (confirmé le 4 oct.)
VV-V01,membres du groupe / personnes rencontrées,ecrit,non,,non,oui,oui,2026-10-04,accord écrit confirmé par Scott ; réseaux sociaux : oui (confirmé le 4 oct.)
VV-V08,membres du groupe / personnes rencontrées,ecrit,non,,non,oui,oui,2026-10-04,accord écrit confirmé par Scott ; réseaux sociaux : oui (confirmé le 4 oct.)
VV-V10,membres du groupe / personnes rencontrées,ecrit,non,,non,oui,oui,2026-10-04,accord écrit confirmé par Scott ; réseaux sociaux : oui (confirmé le 4 oct.)
VV-P06,membres du groupe / personnes rencontrées,ecrit,non,,non,oui,oui,2026-10-04,accord écrit confirmé par Scott ; réseaux sociaux : oui (confirmé le 4 oct.)
VV-V15,membres du groupe / personnes rencontrées,ecrit,non,,non,oui,oui,2026-10-04,accord écrit confirmé par Scott ; réseaux sociaux : oui (confirmé le 4 oct.)
VV-V18,membres du groupe / personnes rencontrées,ecrit,non,,non,oui,oui,2026-10-04,accord écrit confirmé par Scott ; réseaux sociaux : oui (confirmé le 4 oct.)
VV-V22,membres du groupe / personnes rencontrées,ecrit,non,,non,oui,oui,2026-10-04,accord écrit confirmé par Scott ; réseaux sociaux : oui (confirmé le 4 oct.)
VV-P02,membres du groupe / personnes rencontrées,ecrit,non,,oui,oui,oui,2026-10-04,accord écrit confirmé par Scott ; réseaux sociaux : oui (confirmé le 4 oct.)
VV-P03,membres du groupe / personnes rencontrées,ecrit,non,,non,oui,oui,2026-10-04,accord écrit confirmé par Scott ; réseaux sociaux : oui (confirmé le 4 oct.)
VV-P04,membres du groupe / personnes rencontrées,ecrit,non,,oui,oui,oui,2026-10-04,accord écrit confirmé par Scott ; réseaux sociaux : oui (confirmé le 4 oct.)
VV-P08,membres du groupe / personnes rencontrées,ecrit,non,,non,oui,oui,2026-10-04,accord écrit confirmé par Scott ; réseaux sociaux : oui (confirmé le 4 oct.)
VV-P09,membres du groupe / personnes rencontrées,ecrit,non,,oui,oui,oui,2026-10-04,accord écrit confirmé par Scott ; réseaux sociaux : oui (confirmé le 4 oct.)
VV-P10,membres du groupe / personnes rencontrées,ecrit,non,,non,oui,oui,2026-10-04,accord écrit confirmé par Scott ; réseaux sociaux : oui (confirmé le 4 oct.)
VV-P12,aucune,ecrit,non,,non,oui,oui,2026-10-04,accord écrit confirmé par Scott ; réseaux sociaux : oui (confirmé le 4 oct.)
VV-V03,membres du groupe / personnes rencontrées,ecrit,non,,non,oui,oui,2026-10-04,accord écrit confirmé par Scott ; réseaux sociaux : oui (confirmé le 4 oct.)
VV-V09,membres du groupe / personnes rencontrées,ecrit,non,,non,oui,oui,2026-10-04,accord écrit confirmé par Scott ; réseaux sociaux : oui (confirmé le 4 oct.)
VV-V04,membres du groupe / personnes rencontrées,ecrit,non,,non,oui,oui,2026-10-04,accord écrit confirmé par Scott ; réseaux sociaux : oui (confirmé le 4 oct.)
VV-V11,membres du groupe / personnes rencontrées,ecrit,non,,non,oui,oui,2026-10-04,accord écrit confirmé par Scott ; réseaux sociaux : oui (confirmé le 4 oct.)
VV-V14,membres du groupe / personnes rencontrées,ecrit,non,,non,oui,oui,2026-10-04,accord écrit confirmé par Scott ; réseaux sociaux : oui (confirmé le 4 oct.)
VV-V17,membres du groupe / personnes rencontrées,ecrit,non,,non,oui,oui,2026-10-04,accord écrit confirmé par Scott ; réseaux sociaux : oui (confirmé le 4 oct.)
VV-V19,membres du groupe / personnes rencontrées,ecrit,non,,non,oui,oui,2026-10-04,accord écrit confirmé par Scott ; réseaux sociaux : oui (confirmé le 4 oct.)
VV-V20,membres du groupe / personnes rencontrées,ecrit,non,,non,oui,oui,2026-10-04,accord écrit confirmé par Scott ; réseaux sociaux : oui (confirmé le 4 oct.)
VV-V07,membres du groupe / personnes rencontrées,ecrit,non,,non,oui,oui,2026-10-04,accord écrit confirmé par Scott ; réseaux sociaux : oui (confirmé le 4 oct.)
VV-V16,membres du groupe / personnes rencontrées,ecrit,non,,non,oui,oui,2026-10-04,accord écrit confirmé par Scott ; réseaux sociaux : oui (confirmé le 4 oct.)
VV-V05,membres du groupe / personnes rencontrées,ecrit,non,,non,oui,oui,2026-10-04,accord écrit confirmé par Scott ; réseaux sociaux : oui (confirmé le 4 oct.)
VV-V21,membres du groupe / personnes rencontrées,ecrit,non,,non,oui,oui,2026-10-04,accord écrit confirmé par Scott ; réseaux sociaux : oui (confirmé le 4 oct.)
VV-V23,membres du groupe / personnes rencontrées,ecrit,non,,non,oui,oui,2026-10-04,accord écrit confirmé par Scott ; réseaux sociaux : oui (confirmé le 4 oct.)
